{"accuracy": [0.9248148202896118, 0.9748333096504211, 0.9806296229362488, 0.9832407236099243, 0.9862592816352844, 0.9879814982414246, 0.9891852140426636, 0.9893888831138611, 0.9909259080886841, 0.9911110997200012, 0.991518497467041, 0.992814838886261, 0.9933703541755676, 0.9934074282646179, 0.9941481351852417, 0.9941111207008362], "val_accuracy": [0.9806666374206543, 0.987333357334137, 0.9891666769981384, 0.9901666641235352, 0.9891666769981384, 0.9901666641235352, 0.9903333187103271, 0.9906666874885559, 0.9913333058357239, 0.9918333292007446, 0.9923333525657654, 0.9891666769981384, 0.9923333525657654, 0.9918333292007446, 0.9919999837875366, 0.9915000200271606], "loss": [0.25254684686660767, 0.0811280906200409, 0.062442597001791, 0.051931291818618774, 0.0431671217083931, 0.03807250037789345, 0.03336869925260544, 0.03103262186050415, 0.027810314670205116, 0.026574408635497093, 0.025174519047141075, 0.021905716508626938, 0.020012469962239265, 0.01891859993338585, 0.017234191298484802, 0.017420608550310135], "val_loss": [0.06762385368347168, 0.0480855368077755, 0.04333607479929924, 0.03481700271368027, 0.036992624402046204, 0.033760588616132736, 0.031045539304614067, 0.032439395785331726, 0.02983004041016102, 0.02849779836833477, 0.028046278282999992, 0.03441431000828743, 0.027195880189538002, 0.02832493931055069, 0.028779372572898865, 0.031225476413965225]}